name,title,description,categories,brand,status,isfeatured,basePrice,salePrice,quantity,productCode,variantAttributes,weight,length,width,height,soldEnabled,soldCount,fomoEnabled,fomoType,viewingNow,productLeft,customMessage,productAttributes,images (LEAVE BLANK),hsnCode,gstRate,isFragile,wholesale,wholesaleBase,wholesaleSale,minimumOrderQuantity
Clapping Ghungroo,Traditional Clapping Ghungroo,"Add rhythm, energy, and tradition to your performance with Clapping Ghungroo – 1 Pair. Perfect for dancers, musicians, and cultural enthusiasts, these ghungroo create a rich, melodious sound that enhances every movement and beat.

Crafted with durable materials and finely tuned bells, this pair produces clear, loud, and rhythmic tones, making it ideal for classical dance forms, practice sessions, and stage performances. The comfortable design ensures easy wear, allowing you to focus on your performance without distraction.

Whether you're learning dance, performing on stage, or practicing at home, these ghungroo bring authenticity and vibrance to every step. A must-have accessory for anyone passionate about dance and music.",Mix Items,,active,,199,49,100,0001-1,Golden ,0.05,5,5,5,TRUE,1000,TRUE,product_left,,10,,,,,,,TRUE,150,45,12
 Kapoor Dani,Magic Kapoor Dani,"Make your home and temple pure and fragrant with the Aastha Magic Kapoor Dani. It is perfect for ???? (prayer) and helps create a soothing and positive environment.

The camphor used in it burns slowly and gives a long-lasting fragrance, filling your entire home with a fresh and peaceful feeling. It is an ideal choice for daily ????, meditation, and festivals.

Features:

Long-lasting camphor fragrance
Easy to use and safe design
Perfect for prayer and meditation
Creates a positive and fresh environment
Suitable for home and temple use",Mix Items,,active,,249,79,100,0003-1,,0.1,10,7,8,TRUE,637,TRUE,viewing_now,8,,,,,,,,TRUE,199,60,12
Neev Electric Kapoor Dani,Neev Electric Kapoor Dani – Automatic Electrical Incense & Aroma Burner for Home,"Enhance your home with soothing fragrances using the Neev Electric Kapoor Dani, a multifunctional electrical incense and aroma burner. Perfect for burning camphor, dhoop, essential oils, or bakhoor, this burner creates a calming ambiance while being energy-efficient. Designed with an auto on-off function and a separate manual heater button, it saves electricity and ensures precise control of heat. Elegant and functional, it’s a safe and smoke-minimizing alternative to traditional charcoal burners.
Multi-Purpose Use: Ideal for camphor, dhoop, bakhoor, and essential oil burning.
Energy Efficient: Auto on-off function saves electricity while maintaining consistent fragrance.
Manual Control: Separate heater button allows easy manual adjustment for precise burning.
Safe & Low Smoke: Electric design reduces smoke and eliminates the need for charcoal.
Elegant & Decorative: Adds charm to your room while filling it with soothing aromas.
Convenient & Time-Saving: Quick and hassle-free burning without the mess of traditional methods.",Mix Items,,active,,399,149,100,0004-1,,0.1,11,7,5,TRUE,205,TRUE,custom,,,Hurry! Limited Stock,,,,,,TRUE,299,135,12
Ice Face Roller Massager,"Ice Face Roller Massager – Cooling Ice Cube Roller for Face, Eyes & Neck"," Ice Face Roller Massager – Cooling Ice Cube Roller for Face, Eyes & Neck

Revitalize your skin with the Tecme Ice Face Roller Massager, a multi-functional skincare tool designed for glowing, refreshed skin. Perfect for facial, eye, and neck care, this roller helps reduce puffiness, dark circles, fine lines, and wrinkles while tightening pores for a youthful appearance.

Key Features:

Multi-Purpose Skincare Tool: Relieves puffiness, dark circles, acne, muscle pain, and even toothaches. Ideal for daily skincare routines and soothing massages.
High-Quality & Safe Materials: Made from BPA-free, food-grade silicone, durable and reusable, with no leaks. Safe for all skin types.
All-in-One Facial Solution: Stimulates blood circulation, controls oiliness, minimizes pores, and enhances overall skin radiance.
Customizable & Easy to Use: Fill with water, essential oils, or rose water, freeze for 4-5 hours, and gently massage skin in circular motions. Non-slip design ensures comfortable handling.
Portable & Travel-Friendly: Compact design fits easily in your purse or pocket, so you can refresh your skin anytime, anywhere.",Mix Items,,active,,169,79,100,0011-1,,0.1,10,10,6,TRUE,598,TRUE,product_left,,8,,,,,,,TRUE,129,65,12
Bluetooth Speaker with 2 Wireless Mics,Portable Bluetooth Speaker with 2 Wireless Mics – Karaoke & Birthday Gift Set,"Portable Bluetooth Karaoke Speaker with 2 Wireless Microphones – Mini Karaoke Machine & Birthday Gift

Bring the party anywhere with this mini Bluetooth karaoke speaker, featuring 2 wireless microphones for an authentic KTV experience. Compact, lightweight, and rechargeable, it’s perfect for home parties, outdoor activities, classrooms, family gatherings, and holiday celebrations.

Key Features:

Mini & Portable: Lightweight design with 10–12 hours of battery life. Easy to carry in a backpack or purse, making it perfect for travel, outdoor events, and spontaneous karaoke sessions.
Dual Wireless Microphones: Sing along with friends or family using 2 included wireless mics. Ideal for KTV, bars, prom parties, or home karaoke nights.
Advanced Noise Reduction Technology: Enjoy crystal-clear sound quality with minimized background noise, ensuring your vocals shine every time.
Versatile Connectivity: Supports Bluetooth 5.1, Micro TF card, AUX input, and is compatible with phones, tablets, TVs, PCs, and other devices—no cables needed.
Perfect Gift Choice: Comes in exquisite packaging, making it an ideal birthday gift, Christmas gift, Valentine’s Day present, or holiday surprise for kids and adults alike.",Smart Life Gadgets,,active,,699,349,100,0013-1,,0.4,15,8,15,TRUE,103,TRUE,product_left,8,,,,,,,,TRUE,449,300,3
